{"cameraMode":{"drawMode":0,"name":"Shaded","section":"Shading Mode"},"sceneLighting":true,"audioPlay":false,"sceneViewState":{"showFog":true,"showMaterialUpdate":false,"showSkybox":true,"showFlares":true,"showImageEffects":true,"showParticleSystems":true},"in2DMode":false,"pivot":{"x":5.11399507522583,"y":38.640899658203128,"z":26.502994537353517},"rotation":{"x":0.4678927958011627,"y":0.0661693587899208,"z":-0.035157911479473117,"w":0.8806032538414002},"size":70.71244812011719,"orthographic":true}